{"cameraMode":{"drawMode":0,"name":"Shaded","section":"Shading Mode"},"sceneLighting":true,"audioPlay":false,"sceneViewState":{"showFog":true,"showMaterialUpdate":false,"showSkybox":true,"showFlares":true,"showImageEffects":true,"showParticleSystems":true},"in2DMode":false,"pivot":{"x":-0.14701998233795167,"y":0.5461686849594116,"z":17.01372718811035},"rotation":{"x":-0.14770279824733735,"y":0.7001420259475708,"z":-0.1516541987657547,"w":-0.6819000244140625},"size":2.325709819793701,"orthographic":false}