{"cameraMode":{"drawMode":0,"name":"Shaded","section":"Shading Mode"},"sceneLighting":true,"audioPlay":false,"sceneViewState":{"showFog":false,"showMaterialUpdate":false,"showSkybox":true,"showFlares":false,"showImageEffects":false,"showParticleSystems":false},"in2DMode":false,"pivot":{"x":2.6810669898986818,"y":2.31362247467041,"z":5.504271984100342},"rotation":{"x":-0.006055907346308231,"y":0.9736512303352356,"z":-0.22654660046100617,"w":-0.026016060262918474},"size":14.506080627441407,"orthographic":false}